account,comments,empty comments,patterns,dispersion,prediction
SergioBenitez,25,0,25,0.03243490646504045,Human
jebrosen,18,0,18,0.022384747460446112,Human
kolbma,35,0,35,0.03041159798881071,Human
oren0e,15,0,15,0.038100410416672,Human
somehowchris,21,0,21,0.03028026059809316,Human
