account,comments,empty comments,patterns,dispersion,prediction
bors-servo,100,0,11,0.1410831373671293,Bot
servo-wpt-sync,26,0,1,0.025969547922365777,Bot
CYBAI,40,0,21,0.09710999774820055,Human
highfive,21,0,6,0.1745167093316916,Human
jdm,100,0,53,0.10373010548555042,Human
negator,26,0,19,0.027160771157483568,Human
