account,comments,empty comments,patterns,dispersion,prediction
AzureMarker,10,0,10,0.03318836652474424,Human
BraulioVM,35,0,34,0.03777006338020661,Human
Darksonn,100,0,98,0.031556970058511664,Human
Noah-Kennedy,13,0,13,0.028298948951449406,Human
b-naber,17,0,17,0.040365799027244575,Human
carllerche,61,0,60,0.028180251835903673,Human
hawkw,16,0,15,0.029570435982988204,Human
iitalics,12,0,12,0.02216480110385578,Human
taiki-e,19,0,19,0.026792814319205577,Human
