account,comments,empty comments,patterns,dispersion,prediction
AzureMarker,10,0,10,0.03318836652474424,Human
BraulioVM,34,0,33,0.037971507596997925,Human
Darksonn,100,0,98,0.03163907058655044,Human
b-naber,17,0,17,0.040365799027244575,Human
carllerche,59,0,58,0.028557330407125454,Human
hawkw,14,0,13,0.030919372094957848,Human
iitalics,12,0,12,0.02216480110385578,Human
taiki-e,19,0,19,0.026792814319205577,Human
